<spawnpoints>
<spawnpoint position="3176,41,-1540" rotation="0,79,0"/>
<spawnpoint position="1354,41,-635" rotation="0,79,0"/>
<spawnpoint position="-2295,41,316" rotation="0,79,0"/>
<spawnpoint position="1399,41,-1456" rotation="0,79,0"/>
<spawnpoint position="-1729,41,-3183" rotation="0,79,0"/>
<spawnpoint position="3008,41,1535" rotation="0,79,0"/>
<spawnpoint position="1160,41,2773" rotation="0,79,0"/>
<spawnpoint position="2144,41,-2402" rotation="0,79,0"/>
<spawnpoint position="1983,41,1023" rotation="0,79,0"/>
<spawnpoint position="-981,41,361" rotation="0,79,0"/>
<spawnpoint position="1756,41,2989" rotation="0,79,0"/>
<spawnpoint position="-3327,41,305" rotation="0,79,0"/>
<spawnpoint position="2128,41,2318" rotation="0,79,0"/>
<spawnpoint position="-592,41,-3225" rotation="0,79,0"/>
<spawnpoint position="3095,41,-2339" rotation="0,79,0"/>
<spawnpoint position="-1816,41,-2661" rotation="0,79,0"/>
<spawnpoint position="2121,41,1546" rotation="0,79,0"/>
<spawnpoint position="1559,41,2215" rotation="0,79,0"/>
<spawnpoint position="-1861,41,-2660" rotation="0,79,0"/>
<spawnpoint position="2915,41,3673" rotation="0,79,0"/>
<spawnpoint position="-2203,41,-2029" rotation="0,79,0"/>
<spawnpoint position="2748,41,-680" rotation="0,79,0"/>
<spawnpoint position="-2692,41,-578" rotation="0,79,0"/>
<spawnpoint position="2202,41,3273" rotation="0,79,0"/>
<spawnpoint position="-561,41,2333" rotation="0,79,0"/>
<spawnpoint position="-2605,41,113" rotation="0,79,0"/>
<spawnpoint position="1511,41,2229" rotation="0,79,0"/>
<spawnpoint position="-2515,41,-527" rotation="0,79,0"/>
<spawnpoint position="-2464,41,-505" rotation="0,79,0"/>
<spawnpoint position="2175,41,-1352" rotation="0,79,0"/>
<spawnpoint position="-2185,41,264" rotation="0,79,0"/>
<spawnpoint position="-1343,41,570" rotation="0,79,0"/>
</spawnpoints>
