<WaterSources>
<!-- spawners for large lakes -->
 <Water pos="-3280,33,1296" minx="-4096" maxx="4096" minz="-4096" maxz="4096"/>
 <Water pos="-3280,33,1360" minx="-4096" maxx="4096" minz="-4096" maxz="4096"/>
 <Water pos="-3184,33,1168" minx="-4096" maxx="4096" minz="-4096" maxz="4096"/>
 <Water pos="-3184,33,1200" minx="-4096" maxx="4096" minz="-4096" maxz="4096"/>
 <Water pos="-3120,33,976" minx="-4096" maxx="4096" minz="-4096" maxz="4096"/>
 <Water pos="-3120,33,1104" minx="-4096" maxx="4096" minz="-4096" maxz="4096"/>
 <Water pos="-3088,33,1008" minx="-4096" maxx="4096" minz="-4096" maxz="4096"/>
 <Water pos="-3056,33,752" minx="-4096" maxx="4096" minz="-4096" maxz="4096"/>
 <Water pos="-3056,33,1040" minx="-4096" maxx="4096" minz="-4096" maxz="4096"/>
 <Water pos="-3056,33,1360" minx="-4096" maxx="4096" minz="-4096" maxz="4096"/>
 <Water pos="-3024,33,1360" minx="-4096" maxx="4096" minz="-4096" maxz="4096"/>
 <Water pos="-2992,33,624" minx="-4096" maxx="4096" minz="-4096" maxz="4096"/>
 <Water pos="-2992,33,688" minx="-4096" maxx="4096" minz="-4096" maxz="4096"/>
 <Water pos="-2992,33,1392" minx="-4096" maxx="4096" minz="-4096" maxz="4096"/>
 <Water pos="-2960,33,1424" minx="-4096" maxx="4096" minz="-4096" maxz="4096"/>
 <Water pos="-2960,33,1456" minx="-4096" maxx="4096" minz="-4096" maxz="4096"/>
 <Water pos="-2960,33,1584" minx="-4096" maxx="4096" minz="-4096" maxz="4096"/>
 <Water pos="-2960,33,1776" minx="-4096" maxx="4096" minz="-4096" maxz="4096"/>
 <Water pos="-2960,33,1808" minx="-4096" maxx="4096" minz="-4096" maxz="4096"/>
 <Water pos="-2960,33,1840" minx="-4096" maxx="4096" minz="-4096" maxz="4096"/>
 <Water pos="-2960,33,1872" minx="-4096" maxx="4096" minz="-4096" maxz="4096"/>
 <Water pos="-2896,33,-2352" minx="-4096" maxx="4096" minz="-4096" maxz="4096"/>
 <Water pos="-2896,33,1904" minx="-4096" maxx="4096" minz="-4096" maxz="4096"/>
 <Water pos="-2864,33,-2352" minx="-4096" maxx="4096" minz="-4096" maxz="4096"/>
 <Water pos="-2864,33,1904" minx="-4096" maxx="4096" minz="-4096" maxz="4096"/>
 <Water pos="-2832,33,-2352" minx="-4096" maxx="4096" minz="-4096" maxz="4096"/>
 <Water pos="-2832,33,1904" minx="-4096" maxx="4096" minz="-4096" maxz="4096"/>
 <Water pos="-2800,33,-2320" minx="-4096" maxx="4096" minz="-4096" maxz="4096"/>
 <Water pos="-2800,33,1904" minx="-4096" maxx="4096" minz="-4096" maxz="4096"/>
 <Water pos="-2768,33,1904" minx="-4096" maxx="4096" minz="-4096" maxz="4096"/>
 <Water pos="-2736,33,-2288" minx="-4096" maxx="4096" minz="-4096" maxz="4096"/>
 <Water pos="-2736,33,1904" minx="-4096" maxx="4096" minz="-4096" maxz="4096"/>
 <Water pos="-2704,33,-2288" minx="-4096" maxx="4096" minz="-4096" maxz="4096"/>
 <Water pos="-2704,33,176" minx="-4096" maxx="4096" minz="-4096" maxz="4096"/>
 <Water pos="-2704,33,1904" minx="-4096" maxx="4096" minz="-4096" maxz="4096"/>
 <Water pos="-2704,33,2096" minx="-4096" maxx="4096" minz="-4096" maxz="4096"/>
 <Water pos="-2704,33,2128" minx="-4096" maxx="4096" minz="-4096" maxz="4096"/>
 <Water pos="-2704,33,2160" minx="-4096" maxx="4096" minz="-4096" maxz="4096"/>
 <Water pos="-2672,33,-2352" minx="-4096" maxx="4096" minz="-4096" maxz="4096"/>
 <Water pos="-2672,33,-2320" minx="-4096" maxx="4096" minz="-4096" maxz="4096"/>
 <Water pos="-2672,33,176" minx="-4096" maxx="4096" minz="-4096" maxz="4096"/>
 <Water pos="-2672,33,1904" minx="-4096" maxx="4096" minz="-4096" maxz="4096"/>
 <Water pos="-2672,33,2032" minx="-4096" maxx="4096" minz="-4096" maxz="4096"/>
 <Water pos="-2672,33,2064" minx="-4096" maxx="4096" minz="-4096" maxz="4096"/>
 <Water pos="-2672,33,2096" minx="-4096" maxx="4096" minz="-4096" maxz="4096"/>
 <Water pos="-2672,33,2192" minx="-4096" maxx="4096" minz="-4096" maxz="4096"/>
 <Water pos="-2640,33,-2480" minx="-4096" maxx="4096" minz="-4096" maxz="4096"/>
 <Water pos="-2640,33,176" minx="-4096" maxx="4096" minz="-4096" maxz="4096"/>
 <Water pos="-2640,33,688" minx="-4096" maxx="4096" minz="-4096" maxz="4096"/>
 <Water pos="-2640,33,752" minx="-4096" maxx="4096" minz="-4096" maxz="4096"/>
 <Water pos="-2640,33,1936" minx="-4096" maxx="4096" minz="-4096" maxz="4096"/>
 <Water pos="-2640,33,1968" minx="-4096" maxx="4096" minz="-4096" maxz="4096"/>
 <Water pos="-2640,33,2000" minx="-4096" maxx="4096" minz="-4096" maxz="4096"/>
 <Water pos="-2640,33,2192" minx="-4096" maxx="4096" minz="-4096" maxz="4096"/>
 <Water pos="-2640,33,2224" minx="-4096" maxx="4096" minz="-4096" maxz="4096"/>
 <Water pos="-2640,33,2256" minx="-4096" maxx="4096" minz="-4096" maxz="4096"/>
 <Water pos="-2640,33,2288" minx="-4096" maxx="4096" minz="-4096" maxz="4096"/>
 <Water pos="-2640,33,2352" minx="-4096" maxx="4096" minz="-4096" maxz="4096"/>
 <Water pos="-2640,33,2384" minx="-4096" maxx="4096" minz="-4096" maxz="4096"/>
 <Water pos="-2640,33,2416" minx="-4096" maxx="4096" minz="-4096" maxz="4096"/>
 <Water pos="-2640,33,2448" minx="-4096" maxx="4096" minz="-4096" maxz="4096"/>
 <Water pos="-2608,33,-2512" minx="-4096" maxx="4096" minz="-4096" maxz="4096"/>
 <Water pos="-2608,33,368" minx="-4096" maxx="4096" minz="-4096" maxz="4096"/>
 <Water pos="-2608,33,400" minx="-4096" maxx="4096" minz="-4096" maxz="4096"/>
 <Water pos="-2608,33,432" minx="-4096" maxx="4096" minz="-4096" maxz="4096"/>
 <Water pos="-2608,33,464" minx="-4096" maxx="4096" minz="-4096" maxz="4096"/>
 <Water pos="-2608,33,624" minx="-4096" maxx="4096" minz="-4096" maxz="4096"/>
 <Water pos="-2608,33,784" minx="-4096" maxx="4096" minz="-4096" maxz="4096"/>
 <Water pos="-2608,33,2480" minx="-4096" maxx="4096" minz="-4096" maxz="4096"/>
 <Water pos="-2576,33,208" minx="-4096" maxx="4096" minz="-4096" maxz="4096"/>
 <Water pos="-2576,33,272" minx="-4096" maxx="4096" minz="-4096" maxz="4096"/>
 <Water pos="-2576,33,496" minx="-4096" maxx="4096" minz="-4096" maxz="4096"/>
 <Water pos="-2576,33,528" minx="-4096" maxx="4096" minz="-4096" maxz="4096"/>
 <Water pos="-2576,33,560" minx="-4096" maxx="4096" minz="-4096" maxz="4096"/>
 <Water pos="-2576,33,592" minx="-4096" maxx="4096" minz="-4096" maxz="4096"/>
 <Water pos="-2576,33,784" minx="-4096" maxx="4096" minz="-4096" maxz="4096"/>
 <Water pos="-2544,33,528" minx="-4096" maxx="4096" minz="-4096" maxz="4096"/>
 <Water pos="-2544,33,560" minx="-4096" maxx="4096" minz="-4096" maxz="4096"/>
 <Water pos="-2544,33,784" minx="-4096" maxx="4096" minz="-4096" maxz="4096"/>
 <Water pos="-2512,33,-2480" minx="-4096" maxx="4096" minz="-4096" maxz="4096"/>
 <Water pos="-2512,33,2480" minx="-4096" maxx="4096" minz="-4096" maxz="4096"/>
 <Water pos="-2384,33,-2480" minx="-4096" maxx="4096" minz="-4096" maxz="4096"/>
 <Water pos="-2384,33,816" minx="-4096" maxx="4096" minz="-4096" maxz="4096"/>
 <Water pos="-2384,33,976" minx="-4096" maxx="4096" minz="-4096" maxz="4096"/>
 <Water pos="-2384,33,1136" minx="-4096" maxx="4096" minz="-4096" maxz="4096"/>
 <Water pos="-2384,33,1200" minx="-4096" maxx="4096" minz="-4096" maxz="4096"/>
 <Water pos="-2352,33,848" minx="-4096" maxx="4096" minz="-4096" maxz="4096"/>
 <Water pos="-2352,33,880" minx="-4096" maxx="4096" minz="-4096" maxz="4096"/>
 <Water pos="-2352,33,912" minx="-4096" maxx="4096" minz="-4096" maxz="4096"/>
 <Water pos="-2320,33,-2448" minx="-4096" maxx="4096" minz="-4096" maxz="4096"/>
 <Water pos="-2320,33,1360" minx="-4096" maxx="4096" minz="-4096" maxz="4096"/>
 <Water pos="-2288,33,-2448" minx="-4096" maxx="4096" minz="-4096" maxz="4096"/>
 <Water pos="-2288,33,1392" minx="-4096" maxx="4096" minz="-4096" maxz="4096"/>
 <Water pos="-2192,33,-2544" minx="-4096" maxx="4096" minz="-4096" maxz="4096"/>
 <Water pos="-2000,33,3280" minx="-4096" maxx="4096" minz="-4096" maxz="4096"/>
 <Water pos="-2000,33,3376" minx="-4096" maxx="4096" minz="-4096" maxz="4096"/>
 <Water pos="-2000,33,3792" minx="-4096" maxx="4096" minz="-4096" maxz="4096"/>
 <Water pos="-1968,33,3248" minx="-4096" maxx="4096" minz="-4096" maxz="4096"/>
 <Water pos="-1968,33,3376" minx="-4096" maxx="4096" minz="-4096" maxz="4096"/>
 <Water pos="-1936,33,3216" minx="-4096" maxx="4096" minz="-4096" maxz="4096"/>
 <Water pos="-1936,33,3248" minx="-4096" maxx="4096" minz="-4096" maxz="4096"/>
 <Water pos="-1936,33,3408" minx="-4096" maxx="4096" minz="-4096" maxz="4096"/>
 <Water pos="-1936,33,3696" minx="-4096" maxx="4096" minz="-4096" maxz="4096"/>
 <Water pos="-1936,33,3920" minx="-4096" maxx="4096" minz="-4096" maxz="4096"/>
 <Water pos="-1904,33,2896" minx="-4096" maxx="4096" minz="-4096" maxz="4096"/>
 <Water pos="-1904,33,3088" minx="-4096" maxx="4096" minz="-4096" maxz="4096"/>
 <Water pos="-1904,33,3152" minx="-4096" maxx="4096" minz="-4096" maxz="4096"/>
 <Water pos="-1904,33,3184" minx="-4096" maxx="4096" minz="-4096" maxz="4096"/>
 <Water pos="-1904,33,3216" minx="-4096" maxx="4096" minz="-4096" maxz="4096"/>
 <Water pos="-1904,33,3408" minx="-4096" maxx="4096" minz="-4096" maxz="4096"/>
 <Water pos="-1872,33,2896" minx="-4096" maxx="4096" minz="-4096" maxz="4096"/>
 <Water pos="-1872,33,3440" minx="-4096" maxx="4096" minz="-4096" maxz="4096"/>
 <Water pos="-1840,33,-2192" minx="-4096" maxx="4096" minz="-4096" maxz="4096"/>
 <Water pos="-1840,33,2992" minx="-4096" maxx="4096" minz="-4096" maxz="4096"/>
 <Water pos="-1840,33,3504" minx="-4096" maxx="4096" minz="-4096" maxz="4096"/>
 <Water pos="-1808,33,-2256" minx="-4096" maxx="4096" minz="-4096" maxz="4096"/>
 <Water pos="-1680,33,-2288" minx="-4096" maxx="4096" minz="-4096" maxz="4096"/>
 <Water pos="-1488,33,-3408" minx="-4096" maxx="4096" minz="-4096" maxz="4096"/>
 <Water pos="-1488,33,-3344" minx="-4096" maxx="4096" minz="-4096" maxz="4096"/>
 <Water pos="-1488,33,-2288" minx="-4096" maxx="4096" minz="-4096" maxz="4096"/>
 <Water pos="-1456,33,-2480" minx="-4096" maxx="4096" minz="-4096" maxz="4096"/>
 <Water pos="-1456,33,-2448" minx="-4096" maxx="4096" minz="-4096" maxz="4096"/>
 <Water pos="-1456,33,-2416" minx="-4096" maxx="4096" minz="-4096" maxz="4096"/>
 <Water pos="-1424,33,-2864" minx="-4096" maxx="4096" minz="-4096" maxz="4096"/>
 <Water pos="-1392,33,-3088" minx="-4096" maxx="4096" minz="-4096" maxz="4096"/>
 <Water pos="-1392,33,-2928" minx="-4096" maxx="4096" minz="-4096" maxz="4096"/>
 <Water pos="-1360,33,-3152" minx="-4096" maxx="4096" minz="-4096" maxz="4096"/>
 <Water pos="-1360,33,-3120" minx="-4096" maxx="4096" minz="-4096" maxz="4096"/>
 <Water pos="-1360,33,-3024" minx="-4096" maxx="4096" minz="-4096" maxz="4096"/>
 <Water pos="-1360,33,-2992" minx="-4096" maxx="4096" minz="-4096" maxz="4096"/>
 <Water pos="-1328,33,-2512" minx="-4096" maxx="4096" minz="-4096" maxz="4096"/>
 <Water pos="-1296,33,-2512" minx="-4096" maxx="4096" minz="-4096" maxz="4096"/>
 <Water pos="-1264,33,-2512" minx="-4096" maxx="4096" minz="-4096" maxz="4096"/>
 <Water pos="-1232,33,-2544" minx="-4096" maxx="4096" minz="-4096" maxz="4096"/>
 <Water pos="-1040,33,-2672" minx="-4096" maxx="4096" minz="-4096" maxz="4096"/>
 <Water pos="-560,33,-80" minx="-4096" maxx="4096" minz="-4096" maxz="4096"/>
 <Water pos="-560,33,-48" minx="-4096" maxx="4096" minz="-4096" maxz="4096"/>
 <Water pos="-528,33,-144" minx="-4096" maxx="4096" minz="-4096" maxz="4096"/>
 <Water pos="-528,33,-16" minx="-4096" maxx="4096" minz="-4096" maxz="4096"/>
 <Water pos="-528,33,368" minx="-4096" maxx="4096" minz="-4096" maxz="4096"/>
 <Water pos="-496,33,-176" minx="-4096" maxx="4096" minz="-4096" maxz="4096"/>
 <Water pos="-496,33,-16" minx="-4096" maxx="4096" minz="-4096" maxz="4096"/>
 <Water pos="-496,33,432" minx="-4096" maxx="4096" minz="-4096" maxz="4096"/>
 <Water pos="-496,33,1328" minx="-4096" maxx="4096" minz="-4096" maxz="4096"/>
 <Water pos="-496,33,1360" minx="-4096" maxx="4096" minz="-4096" maxz="4096"/>
 <Water pos="-496,33,1392" minx="-4096" maxx="4096" minz="-4096" maxz="4096"/>
 <Water pos="-464,33,-304" minx="-4096" maxx="4096" minz="-4096" maxz="4096"/>
 <Water pos="-464,33,-240" minx="-4096" maxx="4096" minz="-4096" maxz="4096"/>
 <Water pos="-464,33,-208" minx="-4096" maxx="4096" minz="-4096" maxz="4096"/>
 <Water pos="-464,33,-176" minx="-4096" maxx="4096" minz="-4096" maxz="4096"/>
 <Water pos="-464,33,1296" minx="-4096" maxx="4096" minz="-4096" maxz="4096"/>
 <Water pos="-464,33,1424" minx="-4096" maxx="4096" minz="-4096" maxz="4096"/>
 <Water pos="-464,33,1456" minx="-4096" maxx="4096" minz="-4096" maxz="4096"/>
 <Water pos="-432,33,-496" minx="-4096" maxx="4096" minz="-4096" maxz="4096"/>
 <Water pos="-432,33,-368" minx="-4096" maxx="4096" minz="-4096" maxz="4096"/>
 <Water pos="-432,33,16" minx="-4096" maxx="4096" minz="-4096" maxz="4096"/>
 <Water pos="-432,33,144" minx="-4096" maxx="4096" minz="-4096" maxz="4096"/>
 <Water pos="-432,33,1264" minx="-4096" maxx="4096" minz="-4096" maxz="4096"/>
 <Water pos="-400,33,-432" minx="-4096" maxx="4096" minz="-4096" maxz="4096"/>
 <Water pos="-400,33,-400" minx="-4096" maxx="4096" minz="-4096" maxz="4096"/>
 <Water pos="-400,33,112" minx="-4096" maxx="4096" minz="-4096" maxz="4096"/>
 <Water pos="-400,33,592" minx="-4096" maxx="4096" minz="-4096" maxz="4096"/>
 <Water pos="-400,33,752" minx="-4096" maxx="4096" minz="-4096" maxz="4096"/>
 <Water pos="-400,33,1104" minx="-4096" maxx="4096" minz="-4096" maxz="4096"/>
 <Water pos="-400,33,1200" minx="-4096" maxx="4096" minz="-4096" maxz="4096"/>
 <Water pos="-400,33,1456" minx="-4096" maxx="4096" minz="-4096" maxz="4096"/>
 <Water pos="-368,33,560" minx="-4096" maxx="4096" minz="-4096" maxz="4096"/>
 <Water pos="-368,33,784" minx="-4096" maxx="4096" minz="-4096" maxz="4096"/>
 <Water pos="-368,33,1136" minx="-4096" maxx="4096" minz="-4096" maxz="4096"/>
 <Water pos="-368,33,1168" minx="-4096" maxx="4096" minz="-4096" maxz="4096"/>
 <Water pos="-336,33,784" minx="-4096" maxx="4096" minz="-4096" maxz="4096"/>
 <Water pos="-304,33,400" minx="-4096" maxx="4096" minz="-4096" maxz="4096"/>
 <Water pos="-304,33,432" minx="-4096" maxx="4096" minz="-4096" maxz="4096"/>
 <Water pos="-304,33,464" minx="-4096" maxx="4096" minz="-4096" maxz="4096"/>
 <Water pos="-304,33,816" minx="-4096" maxx="4096" minz="-4096" maxz="4096"/>
 <Water pos="-304,33,976" minx="-4096" maxx="4096" minz="-4096" maxz="4096"/>
 <Water pos="-304,33,1008" minx="-4096" maxx="4096" minz="-4096" maxz="4096"/>
 <Water pos="-272,33,176" minx="-4096" maxx="4096" minz="-4096" maxz="4096"/>
 <Water pos="-272,33,816" minx="-4096" maxx="4096" minz="-4096" maxz="4096"/>
 <Water pos="-272,33,976" minx="-4096" maxx="4096" minz="-4096" maxz="4096"/>
 <Water pos="-240,33,240" minx="-4096" maxx="4096" minz="-4096" maxz="4096"/>
 <Water pos="-240,33,304" minx="-4096" maxx="4096" minz="-4096" maxz="4096"/>
 <Water pos="-240,33,848" minx="-4096" maxx="4096" minz="-4096" maxz="4096"/>
 <Water pos="-240,33,944" minx="-4096" maxx="4096" minz="-4096" maxz="4096"/>
 <Water pos="2384,33,-2736" minx="-4096" maxx="4096" minz="-4096" maxz="4096"/>
 <Water pos="2480,33,-2832" minx="-4096" maxx="4096" minz="-4096" maxz="4096"/>
 <Water pos="2512,33,-2800" minx="-4096" maxx="4096" minz="-4096" maxz="4096"/>
 <Water pos="2608,33,-2736" minx="-4096" maxx="4096" minz="-4096" maxz="4096"/>
 <Water pos="2672,33,-2736" minx="-4096" maxx="4096" minz="-4096" maxz="4096"/>
 <Water pos="2704,33,-2736" minx="-4096" maxx="4096" minz="-4096" maxz="4096"/>
 <Water pos="2736,33,-2736" minx="-4096" maxx="4096" minz="-4096" maxz="4096"/>
 <Water pos="2736,33,-2704" minx="-4096" maxx="4096" minz="-4096" maxz="4096"/>
 <Water pos="2768,33,-2704" minx="-4096" maxx="4096" minz="-4096" maxz="4096"/>
 <Water pos="2768,33,-2672" minx="-4096" maxx="4096" minz="-4096" maxz="4096"/>
 <Water pos="2800,33,-2640" minx="-4096" maxx="4096" minz="-4096" maxz="4096"/>
 <Water pos="2832,33,-2608" minx="-4096" maxx="4096" minz="-4096" maxz="4096"/>
 <Water pos="2896,33,-2608" minx="-4096" maxx="4096" minz="-4096" maxz="4096"/>
 <Water pos="2928,33,-2672" minx="-4096" maxx="4096" minz="-4096" maxz="4096"/>
 <Water pos="2928,33,-2640" minx="-4096" maxx="4096" minz="-4096" maxz="4096"/>
 <Water pos="2960,33,-2704" minx="-4096" maxx="4096" minz="-4096" maxz="4096"/>
 <Water pos="2960,33,-2672" minx="-4096" maxx="4096" minz="-4096" maxz="4096"/>
 <Water pos="2992,33,-2768" minx="-4096" maxx="4096" minz="-4096" maxz="4096"/>
 <Water pos="3056,33,-2800" minx="-4096" maxx="4096" minz="-4096" maxz="4096"/>
 <Water pos="3120,33,1168" minx="-4096" maxx="4096" minz="-4096" maxz="4096"/>
 <Water pos="3152,33,-3728" minx="-4096" maxx="4096" minz="-4096" maxz="4096"/>
 <Water pos="3184,33,-2704" minx="-4096" maxx="4096" minz="-4096" maxz="4096"/>
 <Water pos="3248,33,1104" minx="-4096" maxx="4096" minz="-4096" maxz="4096"/>
 <Water pos="3280,33,-2672" minx="-4096" maxx="4096" minz="-4096" maxz="4096"/>
 <Water pos="3280,33,1040" minx="-4096" maxx="4096" minz="-4096" maxz="4096"/>
 <Water pos="3312,33,-3696" minx="-4096" maxx="4096" minz="-4096" maxz="4096"/>
 <Water pos="3312,33,1008" minx="-4096" maxx="4096" minz="-4096" maxz="4096"/>
 <Water pos="3344,33,-3664" minx="-4096" maxx="4096" minz="-4096" maxz="4096"/>
 <Water pos="3344,33,-2640" minx="-4096" maxx="4096" minz="-4096" maxz="4096"/>
 <Water pos="3344,33,1008" minx="-4096" maxx="4096" minz="-4096" maxz="4096"/>
 <Water pos="3376,33,-3664" minx="-4096" maxx="4096" minz="-4096" maxz="4096"/>
 <Water pos="3376,33,-2608" minx="-4096" maxx="4096" minz="-4096" maxz="4096"/>
 <Water pos="3376,33,1008" minx="-4096" maxx="4096" minz="-4096" maxz="4096"/>
 <Water pos="3408,33,-2608" minx="-4096" maxx="4096" minz="-4096" maxz="4096"/>
 <Water pos="3408,33,848" minx="-4096" maxx="4096" minz="-4096" maxz="4096"/>
 <Water pos="3408,33,1008" minx="-4096" maxx="4096" minz="-4096" maxz="4096"/>
 <Water pos="3440,33,-3664" minx="-4096" maxx="4096" minz="-4096" maxz="4096"/>
 <Water pos="3440,33,880" minx="-4096" maxx="4096" minz="-4096" maxz="4096"/>
 <Water pos="3472,33,-3632" minx="-4096" maxx="4096" minz="-4096" maxz="4096"/>
 <Water pos="3472,33,-2640" minx="-4096" maxx="4096" minz="-4096" maxz="4096"/>
 <Water pos="3504,33,-3568" minx="-4096" maxx="4096" minz="-4096" maxz="4096"/>
 <Water pos="3536,33,-2672" minx="-4096" maxx="4096" minz="-4096" maxz="4096"/>
 <Water pos="3568,33,-3568" minx="-4096" maxx="4096" minz="-4096" maxz="4096"/>
 <Water pos="3568,33,656" minx="-4096" maxx="4096" minz="-4096" maxz="4096"/>
 <Water pos="3600,33,-3600" minx="-4096" maxx="4096" minz="-4096" maxz="4096"/>
 <Water pos="3600,33,-3568" minx="-4096" maxx="4096" minz="-4096" maxz="4096"/>
 <Water pos="3632,33,-3632" minx="-4096" maxx="4096" minz="-4096" maxz="4096"/>
 <Water pos="3664,33,-3696" minx="-4096" maxx="4096" minz="-4096" maxz="4096"/>
 <Water pos="3664,33,592" minx="-4096" maxx="4096" minz="-4096" maxz="4096"/>
 <Water pos="3696,33,-3728" minx="-4096" maxx="4096" minz="-4096" maxz="4096"/>
 <Water pos="3696,33,496" minx="-4096" maxx="4096" minz="-4096" maxz="4096"/>
 <Water pos="3760,33,-3696" minx="-4096" maxx="4096" minz="-4096" maxz="4096"/>
 <Water pos="3792,33,-3664" minx="-4096" maxx="4096" minz="-4096" maxz="4096"/>
 <Water pos="3824,33,-3632" minx="-4096" maxx="4096" minz="-4096" maxz="4096"/>
 <Water pos="3888,33,-3600" minx="-4096" maxx="4096" minz="-4096" maxz="4096"/>
 <Water pos="3920,33,-3600" minx="-4096" maxx="4096" minz="-4096" maxz="4096"/>
 <Water pos="3952,33,-3568" minx="-4096" maxx="4096" minz="-4096" maxz="4096"/>
</WaterSources>
