<spawnpoints>
<spawnpoint position="2991,41,-1105" rotation="0,79,0"/>
<spawnpoint position="365,41,-457" rotation="0,79,0"/>
<spawnpoint position="3739,41,-3543" rotation="0,79,0"/>
<spawnpoint position="-2199,41,340" rotation="0,79,0"/>
<spawnpoint position="-478,41,3403" rotation="0,79,0"/>
<spawnpoint position="1215,41,-288" rotation="0,79,0"/>
<spawnpoint position="3502,41,673" rotation="0,79,0"/>
<spawnpoint position="-2917,41,-2813" rotation="0,79,0"/>
<spawnpoint position="-2793,41,-1904" rotation="0,79,0"/>
<spawnpoint position="-2091,41,799" rotation="0,79,0"/>
<spawnpoint position="1571,41,-2822" rotation="0,79,0"/>
<spawnpoint position="1546,41,-2173" rotation="0,79,0"/>
<spawnpoint position="3307,41,-3217" rotation="0,79,0"/>
<spawnpoint position="-1674,41,3637" rotation="0,79,0"/>
<spawnpoint position="3517,41,-1800" rotation="0,79,0"/>
<spawnpoint position="3472,41,-3538" rotation="0,79,0"/>
<spawnpoint position="1779,41,-188" rotation="0,79,0"/>
<spawnpoint position="-974,41,3756" rotation="0,79,0"/>
<spawnpoint position="232,41,-106" rotation="0,79,0"/>
<spawnpoint position="525,41,-693" rotation="0,79,0"/>
<spawnpoint position="3752,41,735" rotation="0,79,0"/>
<spawnpoint position="1260,41,-260" rotation="0,79,0"/>
<spawnpoint position="3080,41,-1796" rotation="0,79,0"/>
<spawnpoint position="3549,41,-2892" rotation="0,79,0"/>
<spawnpoint position="1254,41,-2940" rotation="0,79,0"/>
<spawnpoint position="2111,41,-671" rotation="0,79,0"/>
<spawnpoint position="3595,41,2792" rotation="0,79,0"/>
<spawnpoint position="626,41,-3216" rotation="0,79,0"/>
<spawnpoint position="-3480,41,-3407" rotation="0,79,0"/>
<spawnpoint position="-870,41,-948" rotation="0,79,0"/>
<spawnpoint position="188,41,-2146" rotation="0,79,0"/>
<spawnpoint position="-107,41,-3503" rotation="0,79,0"/>
</spawnpoints>
