<WaterSources>
<!-- spawners for large lakes -->
 <Water pos="-4080,33,3056" minx="-4096" maxx="4096" minz="-4096" maxz="4096"/>
 <Water pos="-4048,33,3024" minx="-4096" maxx="4096" minz="-4096" maxz="4096"/>
 <Water pos="-4048,33,3056" minx="-4096" maxx="4096" minz="-4096" maxz="4096"/>
 <Water pos="-4016,33,3024" minx="-4096" maxx="4096" minz="-4096" maxz="4096"/>
 <Water pos="-4016,33,3056" minx="-4096" maxx="4096" minz="-4096" maxz="4096"/>
 <Water pos="-3984,33,3056" minx="-4096" maxx="4096" minz="-4096" maxz="4096"/>
 <Water pos="-3952,33,3056" minx="-4096" maxx="4096" minz="-4096" maxz="4096"/>
 <Water pos="-3920,33,3056" minx="-4096" maxx="4096" minz="-4096" maxz="4096"/>
 <Water pos="-3856,33,624" minx="-4096" maxx="4096" minz="-4096" maxz="4096"/>
 <Water pos="-3856,33,2800" minx="-4096" maxx="4096" minz="-4096" maxz="4096"/>
 <Water pos="-3856,33,2832" minx="-4096" maxx="4096" minz="-4096" maxz="4096"/>
 <Water pos="-3856,33,2864" minx="-4096" maxx="4096" minz="-4096" maxz="4096"/>
 <Water pos="-3856,33,2896" minx="-4096" maxx="4096" minz="-4096" maxz="4096"/>
 <Water pos="-3856,33,3056" minx="-4096" maxx="4096" minz="-4096" maxz="4096"/>
 <Water pos="-3824,33,688" minx="-4096" maxx="4096" minz="-4096" maxz="4096"/>
 <Water pos="-3824,33,2768" minx="-4096" maxx="4096" minz="-4096" maxz="4096"/>
 <Water pos="-3824,33,2928" minx="-4096" maxx="4096" minz="-4096" maxz="4096"/>
 <Water pos="-3824,33,2960" minx="-4096" maxx="4096" minz="-4096" maxz="4096"/>
 <Water pos="-3824,33,2992" minx="-4096" maxx="4096" minz="-4096" maxz="4096"/>
 <Water pos="-3824,33,3024" minx="-4096" maxx="4096" minz="-4096" maxz="4096"/>
 <Water pos="-3792,33,2768" minx="-4096" maxx="4096" minz="-4096" maxz="4096"/>
 <Water pos="-3760,33,688" minx="-4096" maxx="4096" minz="-4096" maxz="4096"/>
 <Water pos="-3728,33,656" minx="-4096" maxx="4096" minz="-4096" maxz="4096"/>
 <Water pos="-3728,33,2768" minx="-4096" maxx="4096" minz="-4096" maxz="4096"/>
 <Water pos="-3696,33,624" minx="-4096" maxx="4096" minz="-4096" maxz="4096"/>
 <Water pos="-3696,33,2768" minx="-4096" maxx="4096" minz="-4096" maxz="4096"/>
 <Water pos="-3664,33,592" minx="-4096" maxx="4096" minz="-4096" maxz="4096"/>
 <Water pos="-3664,33,2768" minx="-4096" maxx="4096" minz="-4096" maxz="4096"/>
 <Water pos="-3632,33,-688" minx="-4096" maxx="4096" minz="-4096" maxz="4096"/>
 <Water pos="-3632,33,-656" minx="-4096" maxx="4096" minz="-4096" maxz="4096"/>
 <Water pos="-3632,33,-592" minx="-4096" maxx="4096" minz="-4096" maxz="4096"/>
 <Water pos="-3632,33,-560" minx="-4096" maxx="4096" minz="-4096" maxz="4096"/>
 <Water pos="-3632,33,592" minx="-4096" maxx="4096" minz="-4096" maxz="4096"/>
 <Water pos="-3600,33,-688" minx="-4096" maxx="4096" minz="-4096" maxz="4096"/>
 <Water pos="-3600,33,-528" minx="-4096" maxx="4096" minz="-4096" maxz="4096"/>
 <Water pos="-3600,33,-496" minx="-4096" maxx="4096" minz="-4096" maxz="4096"/>
 <Water pos="-3600,33,592" minx="-4096" maxx="4096" minz="-4096" maxz="4096"/>
 <Water pos="-3568,33,-1232" minx="-4096" maxx="4096" minz="-4096" maxz="4096"/>
 <Water pos="-3568,33,-720" minx="-4096" maxx="4096" minz="-4096" maxz="4096"/>
 <Water pos="-3568,33,624" minx="-4096" maxx="4096" minz="-4096" maxz="4096"/>
 <Water pos="-3568,33,2736" minx="-4096" maxx="4096" minz="-4096" maxz="4096"/>
 <Water pos="-3536,33,-1200" minx="-4096" maxx="4096" minz="-4096" maxz="4096"/>
 <Water pos="-3536,33,-784" minx="-4096" maxx="4096" minz="-4096" maxz="4096"/>
 <Water pos="-3536,33,720" minx="-4096" maxx="4096" minz="-4096" maxz="4096"/>
 <Water pos="-3536,33,752" minx="-4096" maxx="4096" minz="-4096" maxz="4096"/>
 <Water pos="-3536,33,2704" minx="-4096" maxx="4096" minz="-4096" maxz="4096"/>
 <Water pos="-3504,33,-1360" minx="-4096" maxx="4096" minz="-4096" maxz="4096"/>
 <Water pos="-3504,33,-1200" minx="-4096" maxx="4096" minz="-4096" maxz="4096"/>
 <Water pos="-3504,33,-1168" minx="-4096" maxx="4096" minz="-4096" maxz="4096"/>
 <Water pos="-3504,33,-880" minx="-4096" maxx="4096" minz="-4096" maxz="4096"/>
 <Water pos="-3504,33,2704" minx="-4096" maxx="4096" minz="-4096" maxz="4096"/>
 <Water pos="-3472,33,-1392" minx="-4096" maxx="4096" minz="-4096" maxz="4096"/>
 <Water pos="-3472,33,-1360" minx="-4096" maxx="4096" minz="-4096" maxz="4096"/>
 <Water pos="-3472,33,-1168" minx="-4096" maxx="4096" minz="-4096" maxz="4096"/>
 <Water pos="-3472,33,-912" minx="-4096" maxx="4096" minz="-4096" maxz="4096"/>
 <Water pos="-3440,33,-1392" minx="-4096" maxx="4096" minz="-4096" maxz="4096"/>
 <Water pos="-3440,33,-1136" minx="-4096" maxx="4096" minz="-4096" maxz="4096"/>
 <Water pos="-3440,33,-944" minx="-4096" maxx="4096" minz="-4096" maxz="4096"/>
 <Water pos="-3440,33,784" minx="-4096" maxx="4096" minz="-4096" maxz="4096"/>
 <Water pos="-3408,33,-1424" minx="-4096" maxx="4096" minz="-4096" maxz="4096"/>
 <Water pos="-3408,33,-1392" minx="-4096" maxx="4096" minz="-4096" maxz="4096"/>
 <Water pos="-3408,33,2672" minx="-4096" maxx="4096" minz="-4096" maxz="4096"/>
 <Water pos="-3376,33,-1584" minx="-4096" maxx="4096" minz="-4096" maxz="4096"/>
 <Water pos="-3376,33,-1488" minx="-4096" maxx="4096" minz="-4096" maxz="4096"/>
 <Water pos="-3376,33,-1456" minx="-4096" maxx="4096" minz="-4096" maxz="4096"/>
 <Water pos="-3376,33,-1424" minx="-4096" maxx="4096" minz="-4096" maxz="4096"/>
 <Water pos="-3376,33,-1072" minx="-4096" maxx="4096" minz="-4096" maxz="4096"/>
 <Water pos="-3376,33,-1008" minx="-4096" maxx="4096" minz="-4096" maxz="4096"/>
 <Water pos="-3376,33,880" minx="-4096" maxx="4096" minz="-4096" maxz="4096"/>
 <Water pos="-3376,33,2608" minx="-4096" maxx="4096" minz="-4096" maxz="4096"/>
 <Water pos="-3344,33,-1840" minx="-4096" maxx="4096" minz="-4096" maxz="4096"/>
 <Water pos="-3344,33,-1616" minx="-4096" maxx="4096" minz="-4096" maxz="4096"/>
 <Water pos="-3344,33,912" minx="-4096" maxx="4096" minz="-4096" maxz="4096"/>
 <Water pos="-3312,33,-1648" minx="-4096" maxx="4096" minz="-4096" maxz="4096"/>
 <Water pos="-3312,33,-1168" minx="-4096" maxx="4096" minz="-4096" maxz="4096"/>
 <Water pos="-3312,33,912" minx="-4096" maxx="4096" minz="-4096" maxz="4096"/>
 <Water pos="-3280,33,-4080" minx="-4096" maxx="4096" minz="-4096" maxz="4096"/>
 <Water pos="-3280,33,-4048" minx="-4096" maxx="4096" minz="-4096" maxz="4096"/>
 <Water pos="-3280,33,-4016" minx="-4096" maxx="4096" minz="-4096" maxz="4096"/>
 <Water pos="-3280,33,-3984" minx="-4096" maxx="4096" minz="-4096" maxz="4096"/>
 <Water pos="-3280,33,-1808" minx="-4096" maxx="4096" minz="-4096" maxz="4096"/>
 <Water pos="-3280,33,-1680" minx="-4096" maxx="4096" minz="-4096" maxz="4096"/>
 <Water pos="-3280,33,-1168" minx="-4096" maxx="4096" minz="-4096" maxz="4096"/>
 <Water pos="-3248,33,-3920" minx="-4096" maxx="4096" minz="-4096" maxz="4096"/>
 <Water pos="-3248,33,-3696" minx="-4096" maxx="4096" minz="-4096" maxz="4096"/>
 <Water pos="-3248,33,-3664" minx="-4096" maxx="4096" minz="-4096" maxz="4096"/>
 <Water pos="-3248,33,-3632" minx="-4096" maxx="4096" minz="-4096" maxz="4096"/>
 <Water pos="-3248,33,-1776" minx="-4096" maxx="4096" minz="-4096" maxz="4096"/>
 <Water pos="-3248,33,-1712" minx="-4096" maxx="4096" minz="-4096" maxz="4096"/>
 <Water pos="-3248,33,-1168" minx="-4096" maxx="4096" minz="-4096" maxz="4096"/>
 <Water pos="-3216,33,-3920" minx="-4096" maxx="4096" minz="-4096" maxz="4096"/>
 <Water pos="-3216,33,-3792" minx="-4096" maxx="4096" minz="-4096" maxz="4096"/>
 <Water pos="-3216,33,-3760" minx="-4096" maxx="4096" minz="-4096" maxz="4096"/>
 <Water pos="-3216,33,-3728" minx="-4096" maxx="4096" minz="-4096" maxz="4096"/>
 <Water pos="-3216,33,-3696" minx="-4096" maxx="4096" minz="-4096" maxz="4096"/>
 <Water pos="-3216,33,-1168" minx="-4096" maxx="4096" minz="-4096" maxz="4096"/>
 <Water pos="-3184,33,-3888" minx="-4096" maxx="4096" minz="-4096" maxz="4096"/>
 <Water pos="-3184,33,-3856" minx="-4096" maxx="4096" minz="-4096" maxz="4096"/>
 <Water pos="-3184,33,-3792" minx="-4096" maxx="4096" minz="-4096" maxz="4096"/>
 <Water pos="-3152,33,-1136" minx="-4096" maxx="4096" minz="-4096" maxz="4096"/>
 <Water pos="-3120,33,-1104" minx="-4096" maxx="4096" minz="-4096" maxz="4096"/>
 <Water pos="-3120,33,-1072" minx="-4096" maxx="4096" minz="-4096" maxz="4096"/>
 <Water pos="-3120,33,-1040" minx="-4096" maxx="4096" minz="-4096" maxz="4096"/>
 <Water pos="-3056,33,-976" minx="-4096" maxx="4096" minz="-4096" maxz="4096"/>
 <Water pos="-2992,33,-3600" minx="-4096" maxx="4096" minz="-4096" maxz="4096"/>
 <Water pos="-2992,33,-912" minx="-4096" maxx="4096" minz="-4096" maxz="4096"/>
 <Water pos="-2992,33,-880" minx="-4096" maxx="4096" minz="-4096" maxz="4096"/>
 <Water pos="-2960,33,-3600" minx="-4096" maxx="4096" minz="-4096" maxz="4096"/>
 <Water pos="-2960,33,-848" minx="-4096" maxx="4096" minz="-4096" maxz="4096"/>
 <Water pos="-2960,33,-816" minx="-4096" maxx="4096" minz="-4096" maxz="4096"/>
 <Water pos="-2960,33,-784" minx="-4096" maxx="4096" minz="-4096" maxz="4096"/>
 <Water pos="-2928,33,-688" minx="-4096" maxx="4096" minz="-4096" maxz="4096"/>
 <Water pos="-2864,33,-3440" minx="-4096" maxx="4096" minz="-4096" maxz="4096"/>
 <Water pos="-2864,33,-3408" minx="-4096" maxx="4096" minz="-4096" maxz="4096"/>
 <Water pos="-2864,33,-3376" minx="-4096" maxx="4096" minz="-4096" maxz="4096"/>
 <Water pos="-2864,33,-3344" minx="-4096" maxx="4096" minz="-4096" maxz="4096"/>
 <Water pos="-2864,33,-3312" minx="-4096" maxx="4096" minz="-4096" maxz="4096"/>
 <Water pos="-2864,33,-3280" minx="-4096" maxx="4096" minz="-4096" maxz="4096"/>
 <Water pos="-2864,33,-656" minx="-4096" maxx="4096" minz="-4096" maxz="4096"/>
 <Water pos="-2832,33,-3216" minx="-4096" maxx="4096" minz="-4096" maxz="4096"/>
 <Water pos="-2800,33,-3184" minx="-4096" maxx="4096" minz="-4096" maxz="4096"/>
 <Water pos="-2800,33,-3152" minx="-4096" maxx="4096" minz="-4096" maxz="4096"/>
 <Water pos="-2736,33,-720" minx="-4096" maxx="4096" minz="-4096" maxz="4096"/>
 <Water pos="-2672,33,-2960" minx="-4096" maxx="4096" minz="-4096" maxz="4096"/>
 <Water pos="-2672,33,-752" minx="-4096" maxx="4096" minz="-4096" maxz="4096"/>
 <Water pos="-2672,33,272" minx="-4096" maxx="4096" minz="-4096" maxz="4096"/>
 <Water pos="-2640,33,-2960" minx="-4096" maxx="4096" minz="-4096" maxz="4096"/>
 <Water pos="-2640,33,-784" minx="-4096" maxx="4096" minz="-4096" maxz="4096"/>
 <Water pos="-2640,33,336" minx="-4096" maxx="4096" minz="-4096" maxz="4096"/>
 <Water pos="-2608,33,-4048" minx="-4096" maxx="4096" minz="-4096" maxz="4096"/>
 <Water pos="-2608,33,-784" minx="-4096" maxx="4096" minz="-4096" maxz="4096"/>
 <Water pos="-2576,33,-3984" minx="-4096" maxx="4096" minz="-4096" maxz="4096"/>
 <Water pos="-2576,33,-784" minx="-4096" maxx="4096" minz="-4096" maxz="4096"/>
 <Water pos="-2576,33,176" minx="-4096" maxx="4096" minz="-4096" maxz="4096"/>
 <Water pos="-2544,33,-3888" minx="-4096" maxx="4096" minz="-4096" maxz="4096"/>
 <Water pos="-2544,33,-784" minx="-4096" maxx="4096" minz="-4096" maxz="4096"/>
 <Water pos="-2512,33,-752" minx="-4096" maxx="4096" minz="-4096" maxz="4096"/>
 <Water pos="-2512,33,-720" minx="-4096" maxx="4096" minz="-4096" maxz="4096"/>
 <Water pos="-2512,33,-688" minx="-4096" maxx="4096" minz="-4096" maxz="4096"/>
 <Water pos="-2512,33,-656" minx="-4096" maxx="4096" minz="-4096" maxz="4096"/>
 <Water pos="-2512,33,-624" minx="-4096" maxx="4096" minz="-4096" maxz="4096"/>
 <Water pos="-2480,33,-656" minx="-4096" maxx="4096" minz="-4096" maxz="4096"/>
 <Water pos="-2480,33,-624" minx="-4096" maxx="4096" minz="-4096" maxz="4096"/>
 <Water pos="-2480,33,4080" minx="-4096" maxx="4096" minz="-4096" maxz="4096"/>
 <Water pos="-2416,33,208" minx="-4096" maxx="4096" minz="-4096" maxz="4096"/>
 <Water pos="-2416,33,4048" minx="-4096" maxx="4096" minz="-4096" maxz="4096"/>
 <Water pos="-2384,33,-3920" minx="-4096" maxx="4096" minz="-4096" maxz="4096"/>
 <Water pos="-2384,33,-464" minx="-4096" maxx="4096" minz="-4096" maxz="4096"/>
 <Water pos="-2384,33,208" minx="-4096" maxx="4096" minz="-4096" maxz="4096"/>
 <Water pos="-2352,33,-3952" minx="-4096" maxx="4096" minz="-4096" maxz="4096"/>
 <Water pos="-2352,33,-432" minx="-4096" maxx="4096" minz="-4096" maxz="4096"/>
 <Water pos="-2352,33,208" minx="-4096" maxx="4096" minz="-4096" maxz="4096"/>
 <Water pos="-2320,33,-3952" minx="-4096" maxx="4096" minz="-4096" maxz="4096"/>
 <Water pos="-2320,33,-400" minx="-4096" maxx="4096" minz="-4096" maxz="4096"/>
 <Water pos="-2320,33,176" minx="-4096" maxx="4096" minz="-4096" maxz="4096"/>
 <Water pos="-2288,33,-304" minx="-4096" maxx="4096" minz="-4096" maxz="4096"/>
 <Water pos="-2288,33,-272" minx="-4096" maxx="4096" minz="-4096" maxz="4096"/>
 <Water pos="-2288,33,144" minx="-4096" maxx="4096" minz="-4096" maxz="4096"/>
 <Water pos="-2288,33,3824" minx="-4096" maxx="4096" minz="-4096" maxz="4096"/>
 <Water pos="-2288,33,3856" minx="-4096" maxx="4096" minz="-4096" maxz="4096"/>
 <Water pos="-2288,33,3888" minx="-4096" maxx="4096" minz="-4096" maxz="4096"/>
 <Water pos="-2256,33,-208" minx="-4096" maxx="4096" minz="-4096" maxz="4096"/>
 <Water pos="-2256,33,144" minx="-4096" maxx="4096" minz="-4096" maxz="4096"/>
 <Water pos="-2256,33,3984" minx="-4096" maxx="4096" minz="-4096" maxz="4096"/>
 <Water pos="-2224,33,-3952" minx="-4096" maxx="4096" minz="-4096" maxz="4096"/>
 <Water pos="-2224,33,-3920" minx="-4096" maxx="4096" minz="-4096" maxz="4096"/>
 <Water pos="-2224,33,-3888" minx="-4096" maxx="4096" minz="-4096" maxz="4096"/>
 <Water pos="-2224,33,-3824" minx="-4096" maxx="4096" minz="-4096" maxz="4096"/>
 <Water pos="-2224,33,144" minx="-4096" maxx="4096" minz="-4096" maxz="4096"/>
 <Water pos="-2224,33,176" minx="-4096" maxx="4096" minz="-4096" maxz="4096"/>
 <Water pos="-2224,33,3792" minx="-4096" maxx="4096" minz="-4096" maxz="4096"/>
 <Water pos="-2192,33,-3824" minx="-4096" maxx="4096" minz="-4096" maxz="4096"/>
 <Water pos="-2192,33,-3792" minx="-4096" maxx="4096" minz="-4096" maxz="4096"/>
 <Water pos="-2192,33,-3760" minx="-4096" maxx="4096" minz="-4096" maxz="4096"/>
 <Water pos="-2192,33,176" minx="-4096" maxx="4096" minz="-4096" maxz="4096"/>
 <Water pos="-2192,33,3792" minx="-4096" maxx="4096" minz="-4096" maxz="4096"/>
 <Water pos="-2160,33,-208" minx="-4096" maxx="4096" minz="-4096" maxz="4096"/>
 <Water pos="-2160,33,176" minx="-4096" maxx="4096" minz="-4096" maxz="4096"/>
 <Water pos="-2160,33,3792" minx="-4096" maxx="4096" minz="-4096" maxz="4096"/>
 <Water pos="-2128,33,-208" minx="-4096" maxx="4096" minz="-4096" maxz="4096"/>
 <Water pos="-2128,33,208" minx="-4096" maxx="4096" minz="-4096" maxz="4096"/>
 <Water pos="-2128,33,3792" minx="-4096" maxx="4096" minz="-4096" maxz="4096"/>
 <Water pos="-2096,33,208" minx="-4096" maxx="4096" minz="-4096" maxz="4096"/>
 <Water pos="-2096,33,3792" minx="-4096" maxx="4096" minz="-4096" maxz="4096"/>
 <Water pos="-2064,33,240" minx="-4096" maxx="4096" minz="-4096" maxz="4096"/>
 <Water pos="-2032,33,3728" minx="-4096" maxx="4096" minz="-4096" maxz="4096"/>
 <Water pos="-2000,33,208" minx="-4096" maxx="4096" minz="-4096" maxz="4096"/>
 <Water pos="-2000,33,3728" minx="-4096" maxx="4096" minz="-4096" maxz="4096"/>
 <Water pos="-1968,33,-48" minx="-4096" maxx="4096" minz="-4096" maxz="4096"/>
 <Water pos="-1968,33,-16" minx="-4096" maxx="4096" minz="-4096" maxz="4096"/>
 <Water pos="-1968,33,16" minx="-4096" maxx="4096" minz="-4096" maxz="4096"/>
 <Water pos="-1968,33,48" minx="-4096" maxx="4096" minz="-4096" maxz="4096"/>
 <Water pos="-1968,33,80" minx="-4096" maxx="4096" minz="-4096" maxz="4096"/>
 <Water pos="-1968,33,112" minx="-4096" maxx="4096" minz="-4096" maxz="4096"/>
 <Water pos="-1968,33,144" minx="-4096" maxx="4096" minz="-4096" maxz="4096"/>
 <Water pos="-1936,33,-112" minx="-4096" maxx="4096" minz="-4096" maxz="4096"/>
 <Water pos="-1904,33,3632" minx="-4096" maxx="4096" minz="-4096" maxz="4096"/>
 <Water pos="-1904,33,3696" minx="-4096" maxx="4096" minz="-4096" maxz="4096"/>
 <Water pos="-1872,33,-112" minx="-4096" maxx="4096" minz="-4096" maxz="4096"/>
 <Water pos="-1840,33,-112" minx="-4096" maxx="4096" minz="-4096" maxz="4096"/>
 <Water pos="-1808,33,-112" minx="-4096" maxx="4096" minz="-4096" maxz="4096"/>
 <Water pos="-1744,33,-80" minx="-4096" maxx="4096" minz="-4096" maxz="4096"/>
 <Water pos="-1712,33,-80" minx="-4096" maxx="4096" minz="-4096" maxz="4096"/>
 <Water pos="-1680,33,-80" minx="-4096" maxx="4096" minz="-4096" maxz="4096"/>
 <Water pos="-1680,33,3760" minx="-4096" maxx="4096" minz="-4096" maxz="4096"/>
 <Water pos="-1680,33,3856" minx="-4096" maxx="4096" minz="-4096" maxz="4096"/>
 <Water pos="-1648,33,-80" minx="-4096" maxx="4096" minz="-4096" maxz="4096"/>
 <Water pos="-1648,33,3280" minx="-4096" maxx="4096" minz="-4096" maxz="4096"/>
 <Water pos="-1648,33,3472" minx="-4096" maxx="4096" minz="-4096" maxz="4096"/>
 <Water pos="-1648,33,3504" minx="-4096" maxx="4096" minz="-4096" maxz="4096"/>
 <Water pos="-1648,33,3696" minx="-4096" maxx="4096" minz="-4096" maxz="4096"/>
 <Water pos="-1648,33,3728" minx="-4096" maxx="4096" minz="-4096" maxz="4096"/>
 <Water pos="-1648,33,3856" minx="-4096" maxx="4096" minz="-4096" maxz="4096"/>
 <Water pos="-1648,33,3888" minx="-4096" maxx="4096" minz="-4096" maxz="4096"/>
 <Water pos="-1616,33,-80" minx="-4096" maxx="4096" minz="-4096" maxz="4096"/>
 <Water pos="-1616,33,3376" minx="-4096" maxx="4096" minz="-4096" maxz="4096"/>
 <Water pos="-1616,33,3600" minx="-4096" maxx="4096" minz="-4096" maxz="4096"/>
 <Water pos="-1616,33,3632" minx="-4096" maxx="4096" minz="-4096" maxz="4096"/>
 <Water pos="-1616,33,3664" minx="-4096" maxx="4096" minz="-4096" maxz="4096"/>
 <Water pos="-1616,33,3696" minx="-4096" maxx="4096" minz="-4096" maxz="4096"/>
 <Water pos="-1616,33,3888" minx="-4096" maxx="4096" minz="-4096" maxz="4096"/>
 <Water pos="-1584,33,-112" minx="-4096" maxx="4096" minz="-4096" maxz="4096"/>
 <Water pos="-1584,33,3632" minx="-4096" maxx="4096" minz="-4096" maxz="4096"/>
 <Water pos="-1584,33,3888" minx="-4096" maxx="4096" minz="-4096" maxz="4096"/>
 <Water pos="-1552,33,-112" minx="-4096" maxx="4096" minz="-4096" maxz="4096"/>
 <Water pos="-1552,33,3888" minx="-4096" maxx="4096" minz="-4096" maxz="4096"/>
 <Water pos="-1520,33,-112" minx="-4096" maxx="4096" minz="-4096" maxz="4096"/>
 <Water pos="-1520,33,3888" minx="-4096" maxx="4096" minz="-4096" maxz="4096"/>
 <Water pos="-1488,33,3888" minx="-4096" maxx="4096" minz="-4096" maxz="4096"/>
 <Water pos="-1456,33,-80" minx="-4096" maxx="4096" minz="-4096" maxz="4096"/>
 <Water pos="-1456,33,4080" minx="-4096" maxx="4096" minz="-4096" maxz="4096"/>
 <Water pos="-1424,33,3920" minx="-4096" maxx="4096" minz="-4096" maxz="4096"/>
 <Water pos="-1424,33,4016" minx="-4096" maxx="4096" minz="-4096" maxz="4096"/>
 <Water pos="-1424,33,4048" minx="-4096" maxx="4096" minz="-4096" maxz="4096"/>
 <Water pos="-1392,33,-112" minx="-4096" maxx="4096" minz="-4096" maxz="4096"/>
 <Water pos="-1360,33,-3792" minx="-4096" maxx="4096" minz="-4096" maxz="4096"/>
 <Water pos="-1360,33,-144" minx="-4096" maxx="4096" minz="-4096" maxz="4096"/>
 <Water pos="-1328,33,-3856" minx="-4096" maxx="4096" minz="-4096" maxz="4096"/>
 <Water pos="-1328,33,-208" minx="-4096" maxx="4096" minz="-4096" maxz="4096"/>
 <Water pos="-1296,33,-3856" minx="-4096" maxx="4096" minz="-4096" maxz="4096"/>
 <Water pos="-1264,33,-3856" minx="-4096" maxx="4096" minz="-4096" maxz="4096"/>
 <Water pos="-1232,33,-3856" minx="-4096" maxx="4096" minz="-4096" maxz="4096"/>
 <Water pos="-1200,33,-3792" minx="-4096" maxx="4096" minz="-4096" maxz="4096"/>
 <Water pos="-1168,33,-3728" minx="-4096" maxx="4096" minz="-4096" maxz="4096"/>
 <Water pos="-1072,33,-3312" minx="-4096" maxx="4096" minz="-4096" maxz="4096"/>
 <Water pos="-1040,33,-3632" minx="-4096" maxx="4096" minz="-4096" maxz="4096"/>
 <Water pos="-1040,33,-3280" minx="-4096" maxx="4096" minz="-4096" maxz="4096"/>
 <Water pos="-1008,33,-3632" minx="-4096" maxx="4096" minz="-4096" maxz="4096"/>
 <Water pos="-1008,33,-3600" minx="-4096" maxx="4096" minz="-4096" maxz="4096"/>
 <Water pos="-1008,33,-3568" minx="-4096" maxx="4096" minz="-4096" maxz="4096"/>
 <Water pos="-1008,33,-3536" minx="-4096" maxx="4096" minz="-4096" maxz="4096"/>
 <Water pos="-976,33,-3984" minx="-4096" maxx="4096" minz="-4096" maxz="4096"/>
 <Water pos="-976,33,-3952" minx="-4096" maxx="4096" minz="-4096" maxz="4096"/>
 <Water pos="-976,33,-3536" minx="-4096" maxx="4096" minz="-4096" maxz="4096"/>
 <Water pos="-976,33,-3504" minx="-4096" maxx="4096" minz="-4096" maxz="4096"/>
 <Water pos="-976,33,-3472" minx="-4096" maxx="4096" minz="-4096" maxz="4096"/>
 <Water pos="-976,33,-3440" minx="-4096" maxx="4096" minz="-4096" maxz="4096"/>
 <Water pos="-976,33,-3184" minx="-4096" maxx="4096" minz="-4096" maxz="4096"/>
 <Water pos="-944,33,-4048" minx="-4096" maxx="4096" minz="-4096" maxz="4096"/>
 <Water pos="-912,33,-3408" minx="-4096" maxx="4096" minz="-4096" maxz="4096"/>
 <Water pos="-880,33,-3024" minx="-4096" maxx="4096" minz="-4096" maxz="4096"/>
 <Water pos="-848,33,-3440" minx="-4096" maxx="4096" minz="-4096" maxz="4096"/>
 <Water pos="-816,33,-3888" minx="-4096" maxx="4096" minz="-4096" maxz="4096"/>
 <Water pos="-816,33,-3664" minx="-4096" maxx="4096" minz="-4096" maxz="4096"/>
 <Water pos="-816,33,-3472" minx="-4096" maxx="4096" minz="-4096" maxz="4096"/>
 <Water pos="-816,33,-2928" minx="-4096" maxx="4096" minz="-4096" maxz="4096"/>
 <Water pos="-784,33,-3888" minx="-4096" maxx="4096" minz="-4096" maxz="4096"/>
 <Water pos="-784,33,-3728" minx="-4096" maxx="4096" minz="-4096" maxz="4096"/>
 <Water pos="-784,33,-3696" minx="-4096" maxx="4096" minz="-4096" maxz="4096"/>
 <Water pos="-784,33,-3664" minx="-4096" maxx="4096" minz="-4096" maxz="4096"/>
 <Water pos="-784,33,-3632" minx="-4096" maxx="4096" minz="-4096" maxz="4096"/>
 <Water pos="-784,33,-3504" minx="-4096" maxx="4096" minz="-4096" maxz="4096"/>
 <Water pos="-784,33,-2928" minx="-4096" maxx="4096" minz="-4096" maxz="4096"/>
 <Water pos="-752,33,-3888" minx="-4096" maxx="4096" minz="-4096" maxz="4096"/>
 <Water pos="-752,33,-3760" minx="-4096" maxx="4096" minz="-4096" maxz="4096"/>
 <Water pos="-752,33,-3536" minx="-4096" maxx="4096" minz="-4096" maxz="4096"/>
 <Water pos="-752,33,-3376" minx="-4096" maxx="4096" minz="-4096" maxz="4096"/>
 <Water pos="-720,33,-3824" minx="-4096" maxx="4096" minz="-4096" maxz="4096"/>
 <Water pos="-720,33,-3536" minx="-4096" maxx="4096" minz="-4096" maxz="4096"/>
 <Water pos="-720,33,-2960" minx="-4096" maxx="4096" minz="-4096" maxz="4096"/>
 <Water pos="-688,33,-3376" minx="-4096" maxx="4096" minz="-4096" maxz="4096"/>
 <Water pos="-688,33,-2992" minx="-4096" maxx="4096" minz="-4096" maxz="4096"/>
 <Water pos="-656,33,-3024" minx="-4096" maxx="4096" minz="-4096" maxz="4096"/>
 <Water pos="-656,33,-2992" minx="-4096" maxx="4096" minz="-4096" maxz="4096"/>
 <Water pos="-624,33,-3504" minx="-4096" maxx="4096" minz="-4096" maxz="4096"/>
 <Water pos="-624,33,-3024" minx="-4096" maxx="4096" minz="-4096" maxz="4096"/>
 <Water pos="-592,33,-3472" minx="-4096" maxx="4096" minz="-4096" maxz="4096"/>
 <Water pos="-592,33,-3440" minx="-4096" maxx="4096" minz="-4096" maxz="4096"/>
 <Water pos="-592,33,-3024" minx="-4096" maxx="4096" minz="-4096" maxz="4096"/>
 <Water pos="-560,33,-3376" minx="-4096" maxx="4096" minz="-4096" maxz="4096"/>
 <Water pos="-560,33,-3024" minx="-4096" maxx="4096" minz="-4096" maxz="4096"/>
 <Water pos="-496,33,-3312" minx="-4096" maxx="4096" minz="-4096" maxz="4096"/>
 <Water pos="-496,33,-2896" minx="-4096" maxx="4096" minz="-4096" maxz="4096"/>
 <Water pos="-496,33,-2864" minx="-4096" maxx="4096" minz="-4096" maxz="4096"/>
 <Water pos="-496,33,-2832" minx="-4096" maxx="4096" minz="-4096" maxz="4096"/>
 <Water pos="-496,33,-2800" minx="-4096" maxx="4096" minz="-4096" maxz="4096"/>
 <Water pos="-464,33,-2800" minx="-4096" maxx="4096" minz="-4096" maxz="4096"/>
 <Water pos="-432,33,-3248" minx="-4096" maxx="4096" minz="-4096" maxz="4096"/>
 <Water pos="-432,33,-2800" minx="-4096" maxx="4096" minz="-4096" maxz="4096"/>
 <Water pos="-400,33,-3184" minx="-4096" maxx="4096" minz="-4096" maxz="4096"/>
 <Water pos="-368,33,-2736" minx="-4096" maxx="4096" minz="-4096" maxz="4096"/>
 <Water pos="-304,33,-3184" minx="-4096" maxx="4096" minz="-4096" maxz="4096"/>
 <Water pos="-304,33,-2576" minx="-4096" maxx="4096" minz="-4096" maxz="4096"/>
 <Water pos="-272,33,-3184" minx="-4096" maxx="4096" minz="-4096" maxz="4096"/>
 <Water pos="-272,33,-2576" minx="-4096" maxx="4096" minz="-4096" maxz="4096"/>
 <Water pos="-240,33,-3184" minx="-4096" maxx="4096" minz="-4096" maxz="4096"/>
 <Water pos="-240,33,-2576" minx="-4096" maxx="4096" minz="-4096" maxz="4096"/>
 <Water pos="-208,33,-2576" minx="-4096" maxx="4096" minz="-4096" maxz="4096"/>
 <Water pos="80,33,2032" minx="-4096" maxx="4096" minz="-4096" maxz="4096"/>
 <Water pos="80,33,2096" minx="-4096" maxx="4096" minz="-4096" maxz="4096"/>
 <Water pos="112,33,2000" minx="-4096" maxx="4096" minz="-4096" maxz="4096"/>
 <Water pos="144,33,1968" minx="-4096" maxx="4096" minz="-4096" maxz="4096"/>
 <Water pos="240,33,2032" minx="-4096" maxx="4096" minz="-4096" maxz="4096"/>
 <Water pos="336,33,2064" minx="-4096" maxx="4096" minz="-4096" maxz="4096"/>
 <Water pos="400,33,2032" minx="-4096" maxx="4096" minz="-4096" maxz="4096"/>
 <Water pos="432,33,2032" minx="-4096" maxx="4096" minz="-4096" maxz="4096"/>
 <Water pos="432,33,2064" minx="-4096" maxx="4096" minz="-4096" maxz="4096"/>
 <Water pos="464,33,2064" minx="-4096" maxx="4096" minz="-4096" maxz="4096"/>
 <Water pos="464,33,3376" minx="-4096" maxx="4096" minz="-4096" maxz="4096"/>
 <Water pos="496,33,2096" minx="-4096" maxx="4096" minz="-4096" maxz="4096"/>
 <Water pos="496,33,3344" minx="-4096" maxx="4096" minz="-4096" maxz="4096"/>
 <Water pos="528,33,2128" minx="-4096" maxx="4096" minz="-4096" maxz="4096"/>
 <Water pos="528,33,3344" minx="-4096" maxx="4096" minz="-4096" maxz="4096"/>
 <Water pos="624,33,2096" minx="-4096" maxx="4096" minz="-4096" maxz="4096"/>
 <Water pos="624,33,2128" minx="-4096" maxx="4096" minz="-4096" maxz="4096"/>
 <Water pos="624,33,3312" minx="-4096" maxx="4096" minz="-4096" maxz="4096"/>
 <Water pos="656,33,2032" minx="-4096" maxx="4096" minz="-4096" maxz="4096"/>
 <Water pos="656,33,2064" minx="-4096" maxx="4096" minz="-4096" maxz="4096"/>
 <Water pos="688,33,3344" minx="-4096" maxx="4096" minz="-4096" maxz="4096"/>
 <Water pos="752,33,1904" minx="-4096" maxx="4096" minz="-4096" maxz="4096"/>
 <Water pos="752,33,3344" minx="-4096" maxx="4096" minz="-4096" maxz="4096"/>
 <Water pos="784,33,3344" minx="-4096" maxx="4096" minz="-4096" maxz="4096"/>
 <Water pos="848,33,1968" minx="-4096" maxx="4096" minz="-4096" maxz="4096"/>
 <Water pos="848,33,3376" minx="-4096" maxx="4096" minz="-4096" maxz="4096"/>
 <Water pos="912,33,2000" minx="-4096" maxx="4096" minz="-4096" maxz="4096"/>
 <Water pos="912,33,3408" minx="-4096" maxx="4096" minz="-4096" maxz="4096"/>
 <Water pos="976,33,2000" minx="-4096" maxx="4096" minz="-4096" maxz="4096"/>
 <Water pos="1040,33,3472" minx="-4096" maxx="4096" minz="-4096" maxz="4096"/>
 <Water pos="1104,33,3408" minx="-4096" maxx="4096" minz="-4096" maxz="4096"/>
 <Water pos="1136,33,2032" minx="-4096" maxx="4096" minz="-4096" maxz="4096"/>
 <Water pos="1136,33,3280" minx="-4096" maxx="4096" minz="-4096" maxz="4096"/>
 <Water pos="1136,33,3312" minx="-4096" maxx="4096" minz="-4096" maxz="4096"/>
 <Water pos="1136,33,3344" minx="-4096" maxx="4096" minz="-4096" maxz="4096"/>
 <Water pos="1168,33,3216" minx="-4096" maxx="4096" minz="-4096" maxz="4096"/>
 <Water pos="1168,33,3248" minx="-4096" maxx="4096" minz="-4096" maxz="4096"/>
 <Water pos="1168,33,3280" minx="-4096" maxx="4096" minz="-4096" maxz="4096"/>
 <Water pos="1200,33,2000" minx="-4096" maxx="4096" minz="-4096" maxz="4096"/>
 <Water pos="1200,33,3184" minx="-4096" maxx="4096" minz="-4096" maxz="4096"/>
 <Water pos="1232,33,3184" minx="-4096" maxx="4096" minz="-4096" maxz="4096"/>
 <Water pos="1264,33,3184" minx="-4096" maxx="4096" minz="-4096" maxz="4096"/>
 <Water pos="1296,33,3184" minx="-4096" maxx="4096" minz="-4096" maxz="4096"/>
 <Water pos="1296,33,3216" minx="-4096" maxx="4096" minz="-4096" maxz="4096"/>
 <Water pos="1328,33,3216" minx="-4096" maxx="4096" minz="-4096" maxz="4096"/>
 <Water pos="1328,33,3248" minx="-4096" maxx="4096" minz="-4096" maxz="4096"/>
 <Water pos="1360,33,3248" minx="-4096" maxx="4096" minz="-4096" maxz="4096"/>
 <Water pos="1360,33,3280" minx="-4096" maxx="4096" minz="-4096" maxz="4096"/>
 <Water pos="1392,33,3280" minx="-4096" maxx="4096" minz="-4096" maxz="4096"/>
 <Water pos="1392,33,3312" minx="-4096" maxx="4096" minz="-4096" maxz="4096"/>
 <Water pos="1424,33,3280" minx="-4096" maxx="4096" minz="-4096" maxz="4096"/>
 <Water pos="1424,33,3312" minx="-4096" maxx="4096" minz="-4096" maxz="4096"/>
 <Water pos="1456,33,3312" minx="-4096" maxx="4096" minz="-4096" maxz="4096"/>
 <Water pos="1488,33,3312" minx="-4096" maxx="4096" minz="-4096" maxz="4096"/>
 <Water pos="1520,33,3280" minx="-4096" maxx="4096" minz="-4096" maxz="4096"/>
 <Water pos="1552,33,3280" minx="-4096" maxx="4096" minz="-4096" maxz="4096"/>
 <Water pos="1616,33,3312" minx="-4096" maxx="4096" minz="-4096" maxz="4096"/>
 <Water pos="1648,33,-272" minx="-4096" maxx="4096" minz="-4096" maxz="4096"/>
 <Water pos="1648,33,3312" minx="-4096" maxx="4096" minz="-4096" maxz="4096"/>
 <Water pos="1680,33,-272" minx="-4096" maxx="4096" minz="-4096" maxz="4096"/>
 <Water pos="1680,33,336" minx="-4096" maxx="4096" minz="-4096" maxz="4096"/>
 <Water pos="1680,33,368" minx="-4096" maxx="4096" minz="-4096" maxz="4096"/>
 <Water pos="1680,33,400" minx="-4096" maxx="4096" minz="-4096" maxz="4096"/>
 <Water pos="1680,33,432" minx="-4096" maxx="4096" minz="-4096" maxz="4096"/>
 <Water pos="1712,33,-272" minx="-4096" maxx="4096" minz="-4096" maxz="4096"/>
 <Water pos="1712,33,272" minx="-4096" maxx="4096" minz="-4096" maxz="4096"/>
 <Water pos="1712,33,304" minx="-4096" maxx="4096" minz="-4096" maxz="4096"/>
 <Water pos="1712,33,464" minx="-4096" maxx="4096" minz="-4096" maxz="4096"/>
 <Water pos="1744,33,-272" minx="-4096" maxx="4096" minz="-4096" maxz="4096"/>
 <Water pos="1744,33,-16" minx="-4096" maxx="4096" minz="-4096" maxz="4096"/>
 <Water pos="1744,33,16" minx="-4096" maxx="4096" minz="-4096" maxz="4096"/>
 <Water pos="1744,33,48" minx="-4096" maxx="4096" minz="-4096" maxz="4096"/>
 <Water pos="1744,33,80" minx="-4096" maxx="4096" minz="-4096" maxz="4096"/>
 <Water pos="1744,33,240" minx="-4096" maxx="4096" minz="-4096" maxz="4096"/>
 <Water pos="1744,33,272" minx="-4096" maxx="4096" minz="-4096" maxz="4096"/>
 <Water pos="1744,33,464" minx="-4096" maxx="4096" minz="-4096" maxz="4096"/>
 <Water pos="1744,33,496" minx="-4096" maxx="4096" minz="-4096" maxz="4096"/>
 <Water pos="1744,33,3376" minx="-4096" maxx="4096" minz="-4096" maxz="4096"/>
 <Water pos="1776,33,-112" minx="-4096" maxx="4096" minz="-4096" maxz="4096"/>
 <Water pos="1776,33,-80" minx="-4096" maxx="4096" minz="-4096" maxz="4096"/>
 <Water pos="1776,33,112" minx="-4096" maxx="4096" minz="-4096" maxz="4096"/>
 <Water pos="1776,33,144" minx="-4096" maxx="4096" minz="-4096" maxz="4096"/>
 <Water pos="1776,33,176" minx="-4096" maxx="4096" minz="-4096" maxz="4096"/>
 <Water pos="1776,33,208" minx="-4096" maxx="4096" minz="-4096" maxz="4096"/>
 <Water pos="1776,33,240" minx="-4096" maxx="4096" minz="-4096" maxz="4096"/>
 <Water pos="1776,33,464" minx="-4096" maxx="4096" minz="-4096" maxz="4096"/>
 <Water pos="1776,33,496" minx="-4096" maxx="4096" minz="-4096" maxz="4096"/>
 <Water pos="1776,33,3376" minx="-4096" maxx="4096" minz="-4096" maxz="4096"/>
 <Water pos="1808,33,-208" minx="-4096" maxx="4096" minz="-4096" maxz="4096"/>
 <Water pos="1808,33,-176" minx="-4096" maxx="4096" minz="-4096" maxz="4096"/>
 <Water pos="1808,33,144" minx="-4096" maxx="4096" minz="-4096" maxz="4096"/>
 <Water pos="1808,33,176" minx="-4096" maxx="4096" minz="-4096" maxz="4096"/>
 <Water pos="1808,33,208" minx="-4096" maxx="4096" minz="-4096" maxz="4096"/>
 <Water pos="1808,33,464" minx="-4096" maxx="4096" minz="-4096" maxz="4096"/>
 <Water pos="1808,33,3344" minx="-4096" maxx="4096" minz="-4096" maxz="4096"/>
 <Water pos="1840,33,3248" minx="-4096" maxx="4096" minz="-4096" maxz="4096"/>
 <Water pos="1840,33,3280" minx="-4096" maxx="4096" minz="-4096" maxz="4096"/>
 <Water pos="1840,33,3312" minx="-4096" maxx="4096" minz="-4096" maxz="4096"/>
 <Water pos="1936,33,848" minx="-4096" maxx="4096" minz="-4096" maxz="4096"/>
 <Water pos="1936,33,880" minx="-4096" maxx="4096" minz="-4096" maxz="4096"/>
 <Water pos="1936,33,1040" minx="-4096" maxx="4096" minz="-4096" maxz="4096"/>
 <Water pos="1936,33,1072" minx="-4096" maxx="4096" minz="-4096" maxz="4096"/>
 <Water pos="1936,33,1104" minx="-4096" maxx="4096" minz="-4096" maxz="4096"/>
 <Water pos="1968,33,720" minx="-4096" maxx="4096" minz="-4096" maxz="4096"/>
 <Water pos="1968,33,752" minx="-4096" maxx="4096" minz="-4096" maxz="4096"/>
 <Water pos="1968,33,912" minx="-4096" maxx="4096" minz="-4096" maxz="4096"/>
 <Water pos="1968,33,944" minx="-4096" maxx="4096" minz="-4096" maxz="4096"/>
 <Water pos="1968,33,976" minx="-4096" maxx="4096" minz="-4096" maxz="4096"/>
 <Water pos="2000,33,528" minx="-4096" maxx="4096" minz="-4096" maxz="4096"/>
 <Water pos="2000,33,688" minx="-4096" maxx="4096" minz="-4096" maxz="4096"/>
 <Water pos="2000,33,1168" minx="-4096" maxx="4096" minz="-4096" maxz="4096"/>
 <Water pos="2000,33,1200" minx="-4096" maxx="4096" minz="-4096" maxz="4096"/>
 <Water pos="2032,33,592" minx="-4096" maxx="4096" minz="-4096" maxz="4096"/>
 <Water pos="2032,33,1200" minx="-4096" maxx="4096" minz="-4096" maxz="4096"/>
 <Water pos="2064,33,1232" minx="-4096" maxx="4096" minz="-4096" maxz="4096"/>
 <Water pos="2160,33,-2448" minx="-4096" maxx="4096" minz="-4096" maxz="4096"/>
 <Water pos="2288,33,-2576" minx="-4096" maxx="4096" minz="-4096" maxz="4096"/>
 <Water pos="2384,33,-2576" minx="-4096" maxx="4096" minz="-4096" maxz="4096"/>
 <Water pos="2480,33,-2576" minx="-4096" maxx="4096" minz="-4096" maxz="4096"/>
 <Water pos="2512,33,-2576" minx="-4096" maxx="4096" minz="-4096" maxz="4096"/>
 <Water pos="2672,33,3216" minx="-4096" maxx="4096" minz="-4096" maxz="4096"/>
 <Water pos="2736,33,-2832" minx="-4096" maxx="4096" minz="-4096" maxz="4096"/>
 <Water pos="2800,33,-2800" minx="-4096" maxx="4096" minz="-4096" maxz="4096"/>
 <Water pos="2832,33,-2768" minx="-4096" maxx="4096" minz="-4096" maxz="4096"/>
 <Water pos="2864,33,-2768" minx="-4096" maxx="4096" minz="-4096" maxz="4096"/>
 <Water pos="2896,33,-2768" minx="-4096" maxx="4096" minz="-4096" maxz="4096"/>
 <Water pos="2928,33,-2800" minx="-4096" maxx="4096" minz="-4096" maxz="4096"/>
 <Water pos="2992,33,3344" minx="-4096" maxx="4096" minz="-4096" maxz="4096"/>
 <Water pos="3088,33,3440" minx="-4096" maxx="4096" minz="-4096" maxz="4096"/>
 <Water pos="3152,33,3440" minx="-4096" maxx="4096" minz="-4096" maxz="4096"/>
 <Water pos="3184,33,-2896" minx="-4096" maxx="4096" minz="-4096" maxz="4096"/>
 <Water pos="3184,33,-2864" minx="-4096" maxx="4096" minz="-4096" maxz="4096"/>
 <Water pos="3184,33,3440" minx="-4096" maxx="4096" minz="-4096" maxz="4096"/>
 <Water pos="3280,33,-3632" minx="-4096" maxx="4096" minz="-4096" maxz="4096"/>
 <Water pos="3280,33,-3600" minx="-4096" maxx="4096" minz="-4096" maxz="4096"/>
 <Water pos="3280,33,-3568" minx="-4096" maxx="4096" minz="-4096" maxz="4096"/>
 <Water pos="3312,33,-3696" minx="-4096" maxx="4096" minz="-4096" maxz="4096"/>
 <Water pos="3408,33,-3728" minx="-4096" maxx="4096" minz="-4096" maxz="4096"/>
 <Water pos="3504,33,-3792" minx="-4096" maxx="4096" minz="-4096" maxz="4096"/>
 <Water pos="3568,33,-4048" minx="-4096" maxx="4096" minz="-4096" maxz="4096"/>
 <Water pos="3568,33,-4016" minx="-4096" maxx="4096" minz="-4096" maxz="4096"/>
 <Water pos="3568,33,-3984" minx="-4096" maxx="4096" minz="-4096" maxz="4096"/>
 <Water pos="3600,33,-4080" minx="-4096" maxx="4096" minz="-4096" maxz="4096"/>
 <Water pos="3600,33,-3920" minx="-4096" maxx="4096" minz="-4096" maxz="4096"/>
 <Water pos="3632,33,-4080" minx="-4096" maxx="4096" minz="-4096" maxz="4096"/>
 <Water pos="3664,33,-4080" minx="-4096" maxx="4096" minz="-4096" maxz="4096"/>
 <Water pos="3696,33,-4080" minx="-4096" maxx="4096" minz="-4096" maxz="4096"/>
</WaterSources>
